"PrefectureCode","Prefecture","SiteName","SiteLocation","SamplingLocation","MaterialType","MaterialCode1","MaterialCode2","Period","Phase","PeriodCode","LabCode","Method","CRA","CRAError","UnroundedCRA","UnroundedCRAError","Delta13C","Delta13CError","Delta13CIRMS","AnalysedBy","Laboratory","PubblicationYear","ReportTitle","Page","Remarks","Reference","Publisher","Latitude","Longitude","ReferenceID","retain","originalRow","PrefectureNameEn","Region","coord.check"
1,"北海道","木古内遺跡","上磯郡木古内町字木古内","H-11　床面HC-1, Ki-10","木炭","T","f","縄文時代後期後半",NA,"B","IAAA-103322","AMS法",4590,30,45887,29,"-26.80","0.43 ",NA,"（株）加速器分析研究所","（株）加速器分析研究所",2014,"付篇　２．放射性炭素年代（ＡＭＳ測定）","299-306","https://sitereports.nabunken.go.jp/27641","公益財団法人　北海道埋蔵文化財センター調査報告書第304集　木古内町　木古内遺跡　－北海道新幹線建設事業埋蔵文化財発掘調査報告書－","公益財団法人　北海道埋蔵文化財センター",41.7041194444444,140.418119444444,857,TRUE,35470,"Hokkaido","Hokkaido",TRUE
55,"愛知","石座神社遺跡","新城市大宮字狐塚","1861SI　床直","炭化材(クリ)","T","f","弥生時代終末",NA,"C","PLD-21510","AMS法",1870,20,18872,18,"-25.66 ","0.17 ",NA,"パレオ･ラボAMS年代測定グループ","パレオ・ラボ",2015,"放射性炭素年代測定","92-118",NA,"愛知県埋蔵文化財センター調査報告書第189集　石座神社遺跡(第1分冊　本文編)","公益財団法人愛知県教育･スポーツ振興財団愛知県埋蔵文化財センター",34.9213388888889,137.5213,2599,TRUE,25997,"Aichi","Chubu",TRUE
34,"埼玉","大山遺跡","伊奈町小室","2A号炭窯","炭化材(コナラ属コナラ亜属クヌギ節)","T","f","奈良･平安時代",NA,"E","IAAA-582","β線法",1140,80,11429,81,NA,NA,"-27.2 ","パリノ・サーヴェイ","加速器分析研究所",2005,"炭焼窯出土木炭の自然科学分析","130-132","暦年較正用14C年代は原文の通り","埼玉県埋蔵文化財調査事業団報告書第299集　大山遺跡(第10･11次)","財団法人埼玉県埋蔵文化財調査事業団",35.9896888888889,139.6273,1400,FALSE,5680,"Saitama","Kanto",TRUE
54,"静岡","富士石遺跡","駿東郡長泉町東野字八分平","第Ⅳ文化層:CB09　BBⅤ層","炭化材(コナラ属コナラ亜属コナラ節)","T","f","旧石器時代",NA,"A","IAAA-90626","AMS法",20580,170,30583,164,"-25.86 ","0.46 ",NA,"加速器分析研究所","加速器分析研究所",2010,"富士石遺跡における放射性炭素年代(AMS測定)･出土炭化材の樹種","357-366",NA,"静岡県埋蔵文化財調査研究所調査報告第232集　富士石遺跡Ⅰ　第二東名No.142地点　旧石器時代(AT下位編)　第二東名建設事業に伴う埋蔵文化財発掘調査報告書　長泉町-7　(第2分冊)","財団法人静岡県埋蔵文化財調査研究所",35.1632694444444,138.8918,4619,TRUE,24814,"Shizuoka","Chubu",TRUE
94,"熊本","池辺寺関連遺跡","熊本市西区池上町","ボーリング地点:№2　試料№:240","樹木","T","d","旧石器時代〜近世",NA,"A,B,C,D,E,F,G","PED-10666","AMS法",3855,20,10666,22,"-27.90 ","0.16",NA,"応用地質","古環境研究所",2015,"放射性炭素年代測定","129〜131","試料№はボーリング試料の深度(㎝)である。","熊本県文化財調査報告　第309集　池辺寺関連遺跡　一般県道砂原四方寄線地域連携推進改築事業に伴う埋蔵文化財発掘調査報告書","熊本県教育委員会",32.7927194444444,130.670469444444,3334,TRUE,32326,"Kumamoto","Kyushu",TRUE
64,"兵庫","坂元遺跡","加古川市野口町坂元・野口","SX0201　2003198　2区　試料名02","炭","T","h","中世","11世紀後半～12世紀前半","F","IAAA-80851","AMS法",1200,30,5866,31,"-25.25","0.36 ",NA,"（株）加速器分析研究所","（株）加速器分析研究所",2009,"Ⅴ　科学分析　２．坂元遺跡における放射性炭素年代（AMS測定）","115-118",NA,"兵庫県文化財調査報告　第366冊　坂元遺跡Ⅱ　東播都市計画事業坂元・野口土地区画整理事業に伴う発掘調査報告書","兵庫県教育委員会",34.7574388888889,134.850269444444,906,TRUE,38639,"Hyogo","Kansai",TRUE
64,"兵庫","坂元遺跡","加古川市野口町坂元・野口","下層断割断面　2004001　40区　試料名09","土","T","k","～弥生時代中期後半",NA,"A,B,C","IAAA-80858","AMS法",10470,50,5866,31,"-26.57","0.58 ",NA,"（株）加速器分析研究所","（株）加速器分析研究所",2009,"Ⅴ　科学分析　２．坂元遺跡における放射性炭素年代（AMS測定）","115-118",NA,"兵庫県文化財調査報告　第366冊　坂元遺跡Ⅱ　東播都市計画事業坂元・野口土地区画整理事業に伴う発掘調査報告書","兵庫県教育委員会",34.7574388888889,134.850269444444,906,TRUE,38646,"Hyogo","Kansai",TRUE
64,"兵庫","坂元遺跡","加古川市野口町坂元・野口","下層断割断面　2004001　19区　試料名05","木片","T","d","～弥生時代中期後半",NA,"A,B,C","IAAA-80854","AMS法",1270,30,5866,31,"-26.46","0.43 ",NA,"（株）加速器分析研究所","（株）加速器分析研究所",2009,"Ⅴ　科学分析　２．坂元遺跡における放射性炭素年代（AMS測定）","115-118",NA,"兵庫県文化財調査報告　第366冊　坂元遺跡Ⅱ　東播都市計画事業坂元・野口土地区画整理事業に伴う発掘調査報告書","兵庫県教育委員会",34.7574388888889,134.850269444444,906,TRUE,38642,"Hyogo","Kansai",TRUE
64,"兵庫","坂元遺跡","加古川市野口町坂元・野口","SX4004　2004001　40区　試料名08","炭","T","h","古代？","8世紀後半以降？","E","IAAA-80857","AMS法",1330,30,5866,31,"-19.56","0.40 ",NA,"（株）加速器分析研究所","（株）加速器分析研究所",2009,"Ⅴ　科学分析　２．坂元遺跡における放射性炭素年代（AMS測定）","115-118",NA,"兵庫県文化財調査報告　第366冊　坂元遺跡Ⅱ　東播都市計画事業坂元・野口土地区画整理事業に伴う発掘調査報告書","兵庫県教育委員会",34.7574388888889,134.850269444444,906,TRUE,38645,"Hyogo","Kansai",TRUE
64,"兵庫","坂元遺跡","加古川市野口町坂元・野口","下層断割断面　2004001　19区　試料名04","木片","T","d","～弥生時代中期後半",NA,"A,B,C","IAAA-80853","AMS法",2030,30,5866,31,"-30.88","0.41 ",NA,"（株）加速器分析研究所","（株）加速器分析研究所",2009,"Ⅴ　科学分析　２．坂元遺跡における放射性炭素年代（AMS測定）","115-118",NA,"兵庫県文化財調査報告　第366冊　坂元遺跡Ⅱ　東播都市計画事業坂元・野口土地区画整理事業に伴う発掘調査報告書","兵庫県教育委員会",34.7574388888889,134.850269444444,906,TRUE,38641,"Hyogo","Kansai",TRUE
63,"大阪","茄子作遺跡","枚方市茄子作南町地先他","1-3区東西セクション　6地点上層　測定番号5","生材","T","d","縄文時代～弥生時代（Ⅳ期）",NA,"B,C","不明","AMS法",411,25,4115,25,"-27.33","0.28 ",NA,"（株）パレオ・ラボ　山形秀樹","パレオ・ラボAMS年代測定グループ",2008,"第６章　自然科学分析成果　第８節　放射性炭素年代測定（AMS）分析（３）","253-256",NA,"（財）大阪府文化財センター調査報告書　第174集　茄子作遺跡　一般国道1号バイパス（大阪北道路）・第二京阪道路建設に伴う埋蔵文化財発掘調査報告書","（財）大阪府文化財センター",34.7794805555556,135.669880555556,195,FALSE,37909,"Osaka","Kansai",TRUE
64,"兵庫","坂元遺跡","加古川市野口町坂元・野口","下層断割断面　2004001　28区　試料名07","炭","T","h","～弥生時代中期",NA,"A,B,C","IAAA-80856","AMS法",2240,30,5866,31,"-27.31","0.44 ",NA,"（株）加速器分析研究所","（株）加速器分析研究所",2009,"Ⅴ　科学分析　２．坂元遺跡における放射性炭素年代（AMS測定）","115-118",NA,"兵庫県文化財調査報告　第366冊　坂元遺跡Ⅱ　東播都市計画事業坂元・野口土地区画整理事業に伴う発掘調査報告書","兵庫県教育委員会",34.7574388888889,134.850269444444,906,TRUE,38644,"Hyogo","Kansai",TRUE
64,"兵庫","坂元遺跡","加古川市野口町坂元・野口","縄文包含層　2003198　2区　試料名01","炭","T","h","縄文時代・弥生時代中期・古代（8世紀）・中世（13世紀）",NA,"B,C,E,F","IAAA-80850","AMS法",2450,30,5866,31,"-30.67","0.37 ",NA,"（株）加速器分析研究所","（株）加速器分析研究所",2009,"Ⅴ　科学分析　２．坂元遺跡における放射性炭素年代（AMS測定）","115-118",NA,"兵庫県文化財調査報告　第366冊　坂元遺跡Ⅱ　東播都市計画事業坂元・野口土地区画整理事業に伴う発掘調査報告書","兵庫県教育委員会",34.7574388888889,134.850269444444,906,TRUE,38638,"Hyogo","Kansai",TRUE
42,"富山","水橋荒町･辻ヶ堂遺跡","富山市水橋辻ヶ堂","ボーリング地点No.7　深度1.55-1.75m","土壌","T","k","不明",NA,"A,B,C,D,E,F,G,H","IAAA-10510","AMS法",3030,30,-27.02,NA,NA,NA,NA,"大成エンジニアリング","加速器分析研究所",2002,"年代測定","43-44",NA,"富山市埋蔵文化財調査報告115　水橋荒町･辻ヶ堂遺跡発掘調査報告書","富山市教育委員会",36.7487888888889,137.296080555556,1842,TRUE,20101,"Toyama","Chubu",TRUE
52,"長野","東條遺跡","千曲市八幡字東條","SK1741","果実","T","e","鎌倉時代",NA,"F","IAAA-72584","AMS法",3360,30,355,30,"-27.23 ","0.63 ",NA,"加速器分析研究所","加速器分析研究所",2012,"放射性炭素年代測定結果(AMS測定)　東條遺跡","付属DVD",NA,"長野県埋蔵文化財センター発掘調査報告書92　一般国道18号(坂城更埴バイパス)埋蔵文化財発掘調査報告書3　千曲市内その3　東條遺跡ほか〈本文編〉","国土交通書関東地方整備局長野国道事務所　(財)長野県文化振興事業団長野県埋蔵文化財センター",36.5171694444444,138.102769444444,4235,TRUE,23216,"Nagano","Chubu",TRUE
1,"北海道","オニキシベ3遺跡","勇払郡厚真町字幌内","石組炉 SF-5　焼土, ON3-12","炭化物","T","h","縄文時代中期・後期",NA,"B","IAAA-152802","AMS法",650,30,3646,26,"-24.22","0.28 ",NA,"（株）加速器分析研究所","（株）加速器分析研究所",2018,"付篇　１．平成27(2015)年度　オニキシベ３遺跡における放射性炭素年代（AMS測定）","295-302","https://sitereports.nabunken.go.jp/36155","（公財）北海道埋蔵文化財センター調査報告書第346集　厚真町　オニキシベ３遺跡　－圧幌ダム建設事業埋蔵文化財発掘調査報告書－","公益財団法人　北海道埋蔵文化財センター",42.7867111111111,142.040269444444,39,TRUE,35716,"Hokkaido","Hokkaido",TRUE
42,"富山","水橋荒町･辻ヶ堂遺跡","富山市水橋辻ヶ堂","ボーリング地点No.9　深度1.50-1.70m","土壌","T","k","不明",NA,"A,B,C,D,E,F,G,H","IAAA-10513","AMS法",2640,30,-22.22,NA,NA,NA,NA,"大成エンジニアリング","加速器分析研究所",2002,"年代測定","43-44",NA,"富山市埋蔵文化財調査報告115　水橋荒町･辻ヶ堂遺跡発掘調査報告書","富山市教育委員会",36.7487888888889,137.296080555556,1842,TRUE,20104,"Toyama","Chubu",TRUE
56,"三重","中林･中道遺跡","松阪市中道町","0m付近　灰オリーブウンモ片･植物遺体混じり中粒砂","土壌","T","k","不明",NA,"A,B,C,D,E,F,G,H","IAAA-31336","AMS法",2630,30,2,NA,NA,NA,"-22.00 ","パリノ･サーヴェイ","加速器分析研究所",2009,"中林･中道遺跡A地区の自然科学分析","157-167 ",NA,"三重県埋蔵文化財調査報告115-26　一般国道23号中勢道路(14工区)建設事業に伴う　中林･中道遺跡発掘調査報告","三重県埋蔵文化財センター",34.6196888888889,136.516530555556,506,TRUE,27130,"Mie","Kansai",TRUE
21,"青森","向田(36)遺跡","上北郡野辺地町字向田","不明","植物繊維(コケ)","T","d","縄文時代前期",NA,"B","IAAA-100826","AMS法",1120,20,3738,47,"-23.74 ","0.42 ",NA,"パリノ･サーヴェイ","パリノ･サーヴェイ",2011,"向田(36)遺跡放射性炭素年代測定","169-170",NA,"野辺地町文化財調査報告書第17集　向田(36)遺跡","野辺地町教育委員会",40.9394611111111,141.221419444444,4117,TRUE,9414,"Aomori","Tohoku",TRUE
1,"北海道","濁川左岸遺跡","茅部郡森町石倉町","NH-29　床面直上, NS-5","炭化物・材","T","f","縄文時代中期前半",NA,"B","PLD-3389","AMS法",4455,30,1869,24,"-27.31","0.24 ","-25.1","パレオ・ラボAMS年代測定グループ（小林紘一・丹生越子・伊藤茂・山形秀樹・Zaur Lomtatidze・Ineza Jorjoliani）","パレオ・ラボAMS年代測定グループ",2007,"Ⅴ　自然科学的分析　濁川左岸遺跡の放射性炭素年代測定について","225-228","https://sitereports.nabunken.go.jp/24619","（財）北海道埋蔵文化財センター調査報告書第246集　森町　濁川左岸遺跡(3)－Ｃ～Ｅ地区－　－北海道縦貫自動車道（七飯～長万部）埋蔵文化財発掘調査報告書－","財団法人　北海道埋蔵文化財センター",42.1586,140.461088888889,143,TRUE,35219,"Hokkaido","Hokkaido",TRUE
94,"熊本","玉名平野条里跡","玉名市岱明町野口字下河原","グリッド:C-1 層位:Ⅸ層　試料名:SW40","木材(コナラ属アカガシ亜属)","T","d","古墳時代〜古代",NA,"D,E","IAAA-31443","AMS法",2190,40,-27.03,0.97,NA,NA,NA,"パリノ・サーヴェイ","加速器分析研究所",2005,"玉名平野条里跡の自然科学分析","59〜61",NA,"熊本県文化財調査報告　第226集　玉名平野条里跡","熊本県教育委員会",32.9217805555556,130.528319444444,3309,TRUE,32132,"Kumamoto","Kyushu",TRUE
1,"北海道","上幌内３遺跡","勇払郡厚真町字幌内","ⅢB-1　Ⅲb層, KH3-15","シカの角","T","a","アイヌ文化期",NA,"L","IAAA-142738","AMS法",250,20,2445,23,"-21.56","0.25 ",NA,"（株）加速器分析研究所","（株）加速器分析研究所",2017,"Ⅴ　自然科学的分析・鑑定　１２　上幌内３遺跡における放射性炭素年代（AMS測定）２","428-432","「較正年代が、当該暦年較正曲線で較正可能な範囲を超える新しい年代となる可能性」　https://sitereports.nabunken.go.jp/28166","（公財）北海道埋蔵文化財センター調査報告書第335集　厚真町　上幌内３遺跡　－厚幌ダム建設事業埋蔵文化財発掘調査報告書－","公益財団法人　北海道埋蔵文化財センター",42.7867111111111,142.040269444444,29,TRUE,35889,"Hokkaido","Hokkaido",TRUE
42,"富山","水橋荒町･辻ヶ堂遺跡","富山市水橋辻ヶ堂","ボーリング地点No.9　深度0.55-1.00m","土壌","T","k","不明",NA,"A,B,C,D,E,F,G,H","IAAA-10511","AMS法",2160,30,-19.82,NA,NA,NA,NA,"大成エンジニアリング","加速器分析研究所",2002,"年代測定","43-44",NA,"富山市埋蔵文化財調査報告115　水橋荒町･辻ヶ堂遺跡発掘調査報告書","富山市教育委員会",36.7487888888889,137.296080555556,1842,TRUE,20102,"Toyama","Chubu",TRUE
42,"富山","水橋荒町･辻ヶ堂遺跡","富山市水橋辻ヶ堂","ボーリング地点No.9　深度1.00-1.30m","土壌","T","k","不明",NA,"A,B,C,D,E,F,G,H","IAAA-10512","AMS法",1940,30,-21.23,NA,NA,NA,NA,"大成エンジニアリング","加速器分析研究所",2002,"年代測定","43-44",NA,"富山市埋蔵文化財調査報告115　水橋荒町･辻ヶ堂遺跡発掘調査報告書","富山市教育委員会",36.7487888888889,137.296080555556,1842,TRUE,20103,"Toyama","Chubu",TRUE
42,"富山","水橋荒町･辻ヶ堂遺跡","富山市水橋辻ヶ堂","ボーリング地点No.7　深度0.90-1.30m","土壌","T","k","不明",NA,"A,B,C,D,E,F,G,H","IAAA-10509","AMS法",1810,30,-24.34,NA,NA,NA,NA,"大成エンジニアリング","加速器分析研究所",2002,"年代測定","43-44",NA,"富山市埋蔵文化財調査報告115　水橋荒町･辻ヶ堂遺跡発掘調査報告書","富山市教育委員会",36.7487888888889,137.296080555556,1842,TRUE,20100,"Toyama","Chubu",TRUE
1,"北海道","濁川左岸遺跡","茅部郡森町石倉町","NF-58　焼土内 NH-27上位Ⅳ層, NS-4","炭化物・材","T","f","縄文時代中期",NA,"B","PLD-3388","AMS法",3685,25,1869,24,"-27.31","0.24 ","-24.8","パレオ・ラボAMS年代測定グループ（小林紘一・丹生越子・伊藤茂・山形秀樹・Zaur Lomtatidze・Ineza Jorjoliani）","パレオ・ラボAMS年代測定グループ",2007,"Ⅴ　自然科学的分析　濁川左岸遺跡の放射性炭素年代測定について","225-228","https://sitereports.nabunken.go.jp/24619","（財）北海道埋蔵文化財センター調査報告書第246集　森町　濁川左岸遺跡(3)－Ｃ～Ｅ地区－　－北海道縦貫自動車道（七飯～長万部）埋蔵文化財発掘調査報告書－","財団法人　北海道埋蔵文化財センター",42.1586,140.461088888889,143,TRUE,35218,"Hokkaido","Hokkaido",TRUE
54,"静岡","宮ノ西遺跡","菊川市加茂字宮ノ西","SX-34　2層","木材","T","d","近世",NA,"G","不明","AMS法",185,20,1886,21,"-31.60 ","0.19 ",NA,"パリノ･サーヴェイ","パリノ･サーヴェイ",2016,"化学分析","393-405",NA,"菊川市埋蔵文化財調査報告書第16集　宮ノ西遺跡発掘調査報告書−第4次調査−(土地区画整理事業に伴う発掘調査)平成27年度","菊川市教育委員会",34.7425805555556,138.081180555556,3882,FALSE,23991,"Shizuoka","Chubu",TRUE
62,"京都","長岡京跡左京第545次調査区","向日市森本町石田13番3","3d層","炭化材片","T","f","縄文時代晩期",NA,"B","IAAA-111434","AMS法",1940,23,3188,21,"-25.44","0.45 ",NA,"パリノ・サーヴェイ株式会社　辻本裕也","（株）加速器分析研究所",2012,"５　長岡京跡左京第545次（7ANDID-7地区）～東二坊坊間小路、左京二条二坊八町、石田遺跡～発掘調査報告　６　自然科学分析（第74・75図）","120-127",NA,"向日市埋蔵文化財調査報告書　第92集　長岡京跡ほか","向日市教育委員会",34.9466,135.711180555556,1296,TRUE,36777,"Kyoto","Kansai",TRUE
41,"新潟","昼塚遺跡Ⅱ","胎内市大出字昼塚","トレンチ9　14層","炭化物","T","h","縄文時代晩期前葉後半〜中葉前半",NA,"B","IAAA-51018","AMS法",3370,40,2266,38,"-32.33 ","0.76 ",NA,"パリノ･サーヴェイ","パリノ･サーヴェイ",2006,"自然科学分析","47-64",NA,"新潟県埋蔵文化財調査報告書第167集　日本海沿岸東北自動車道関係発掘調査報告書ⅩⅩ　昼塚遺跡Ⅱ","新潟県教育委員会　財団法人新潟県埋蔵文化財調査事業団",38.1021611111111,139.393188888889,2699,TRUE,19316,"Niigata","Chubu",TRUE
41,"新潟","昼塚遺跡Ⅱ","胎内市大出字昼塚","トレンチ9　16層","炭化物","T","h","縄文時代晩期前葉後半〜中葉前半",NA,"B","IAAA-51017","AMS法",3670,40,2666,38,"-32.24 ","0.81 ",NA,"パリノ･サーヴェイ","パリノ･サーヴェイ",2006,"自然科学分析","47-64",NA,"新潟県埋蔵文化財調査報告書第167集　日本海沿岸東北自動車道関係発掘調査報告書ⅩⅩ　昼塚遺跡Ⅱ","新潟県教育委員会　財団法人新潟県埋蔵文化財調査事業団",38.1021611111111,139.393188888889,2699,TRUE,19315,"Niigata","Chubu",TRUE
53,"岐阜","荒尾南遺跡","大垣市荒尾町･桧町","12層　調査区東端の遺構面断割トレンチ","炭化材","T","f","縄文時代晩期後半以前",NA,"B","PLD-20285","AMS法",3090,20,2089,22,"-24.18 ","0.14 ",NA,"パレオ･ラボAMS年代測定グループ","パレオ・ラボ",2015,"放射性炭素年代測定","p4-25",NA,"岐阜県文化財保護センター調査報告書第131集　荒尾南遺跡B地区Ⅱ(第8分冊)","岐阜県文化財保護センター",35.3724453703704,136.579130092593,2163,TRUE,23468,"Gifu","Chubu",TRUE
24,"秋田","藤株遺跡","北秋田市脇神字高森堂ノ上","B区SN1004周辺　BⅡ②層","炭化種実(クリ子葉)","T","g","縄文時代中期〜晩期",NA,"B","IAAA-130044","AMS法",3670,30,2670,25,"-21.71 ","0.38 ",NA,"加速器分析研究所","加速器分析研究所",2014,"放射性炭素年代(AMS測定)　《25年度分》","245-246",NA,"秋田県文化財調査報告書第494集　藤株遺跡(第2次)","秋田県教育委員会",40.1993,140.398561111111,3759,TRUE,15398,"Akita","Tohoku",TRUE
1,"北海道","根志越５遺跡","千歳市根志越","Ⅰ層（現耕作土）, Ⅰ①","暗灰色の土壌","T","k","現代",NA,"H","pal-10719/PLD-35057","AMS法",3655,25,2656,24,"-25.44","0.17 ",NA,"（株）パリノ・サーヴェイ","（株）加速器分析研究所",2018,"Ⅵ　自然科学的分析　４　放射性炭素年代測定、花粉分析及び植物珪酸体分析","222-232","https://sitereports.nabunken.go.jp/49471","（公財）北海道埋蔵文化財センター調査報告書第349集　千歳市　根志越５遺跡　－根志越地区遊水地工事用地内埋蔵文化財発掘調査報告書－","公益財団法人　北海道埋蔵文化財センター",42.8633694444444,141.676711111111,42,TRUE,35390,"Hokkaido","Hokkaido",TRUE
42,"富山","徳万頼成遺跡","砺波市頼成","5層","炭化材(トチノキ)","T","f","中世",NA,"F","IAAA-82438","AMS法",110,30,1099,32,"-28.54 ","0.78 ",NA,"パリノ･サーヴェイ","パリノ･サーヴェイ",2009,"放射性炭素年代測定","64-66",NA,"徳万頼成遺跡発掘調査報告Ⅰ","砺波市教育委員会",36.6378305555556,137.01105,2509,TRUE,20248,"Toyama","Chubu",TRUE
42,"富山","下老子笹川遺跡","高岡市福岡町下老子","G2区　SI12　A区周溝","種実(オニグルミ)","T","e","弥生時代後期",NA,"C","PED-16498","AMS法",1945,20,1046,19,"-25.61 ","0.16 ",NA,"古環境研究所","古環境研究所",2014,"種実の放射性炭素年代測定","239-240",NA,"富山県文化振興財団埋蔵文化財発掘調査報告第59集　下老子笹川遺跡　江尻遺跡発掘調査報告　第一分冊","公益財団法人富山県文化振興財団埋蔵文化財調査事務所",36.7124194444444,136.943561111111,1926,TRUE,20897,"Toyama","Chubu",TRUE
42,"富山","久泉遺跡","砺波市久泉","東側調査区　SD09","炭化材","T","f",NA,"8世紀後半〜9世紀前半または12世紀後半〜14世紀前半","F","IAAA-52621","AMS法",100,40,997,36,"-31.27 ","0.91 ",NA,"パリノ･サーヴェイ","パリノ･サーヴェイ",2007,"自然科学分析","177-204",NA,"久泉遺跡発掘調査報告Ⅲ","砺波市教育委員会",36.6357592592592,136.989624074074,632,TRUE,19889,"Toyama","Chubu",TRUE
1,"北海道","天寧1遺跡","釧路郡釧路町天寧南","集石S-42 m3層, TN-4","木炭","T","f","縄文時代後期前葉",NA,"B","IAAA-61999","AMS法",4470,40,3789,36,"-29.72","0.59 ",NA,"（株）加速器分析研究所","（株）加速器分析研究所",2007,"９　放射性炭素年代測定結果(1)(AMS測定)","311-318","https://sitereports.nabunken.go.jp/24623","（財）北海道埋蔵文化財センター調査報告書　第254集　釧路町　天寧１遺跡　―一般国道44号釧路町釧路外環状道路工事に伴う埋蔵文化財発掘調査報告書―","財団法人　北海道埋蔵文化財センター",43.0422305555556,144.467188888889,66,FALSE,33657,"Hokkaido","Hokkaido",TRUE
1,"北海道","天寧1遺跡","釧路郡釧路町天寧南","K-48⑧ 盛土遺構 m2層, TN-3","木炭","T","f","縄文時代後期前葉",NA,"B","IAAA-61998","AMS法",3790,40,4468,38,"-25.85","0.72 ",NA,"（株）加速器分析研究所","（株）加速器分析研究所",2007,"９　放射性炭素年代測定結果(1)(AMS測定)","311-318","https://sitereports.nabunken.go.jp/24623","（財）北海道埋蔵文化財センター調査報告書　第254集　釧路町　天寧１遺跡　―一般国道44号釧路町釧路外環状道路工事に伴う埋蔵文化財発掘調査報告書―","財団法人　北海道埋蔵文化財センター",43.0422305555556,144.467188888889,66,FALSE,33656,"Hokkaido","Hokkaido",TRUE
21,"青森","三内丸山(9)遺跡","青森市大字三内字丸山","平成20年度埋没沢M2層","木片","T","d","縄文時代",NA,"B","IAAA-82256","AMS法",1990,30,1488,33,"-28.85 ","0.81 ",NA,"加速器分析研究所","加速器分析研究所",2010,"三内丸山(9)遺跡における放射性炭素年代(AMS測定)","37-40",NA,"青森県埋蔵文化財調査報告書第483集　三内丸山(9)遺跡Ⅲ","青森県教育委員会",40.80895,140.693038888889,4484,TRUE,9721,"Aomori","Tohoku",TRUE
22,"岩手","机遺跡","下閉伊郡田野畑村机","5E1住","木炭","T","f","縄文時代前期初頭",NA,"B","IAAA-123183","AMS法",5270,30,5716,28,"-23.82 ","0.30 ",NA,"加速器分析研究所","加速器分析研究所",2013,"机遺跡における放射性炭素年代(AMS測定)","40-42",NA,"田野畑村文化財調査報告書第19集　机遺跡発掘調査報告書","田野畑村教育委員会",39.9609194444444,141.93915,3368,TRUE,11789,"Iwate","Tohoku",TRUE
34,"埼玉","江川南遺跡","ふじみ野市東窪","集石土坑1","炭化材(クヌギ節)","T","f","縄文時代中期",NA,"B","IAA-1050","β線法",3950,80,3594,82,NA,NA,"-26.9 ","パリノ・サーヴェイ","パリノ・サーヴェイ",2007,"江川南遺跡第20地点および駒林遺跡第1地点から出土した炭化材の年代測定","119-120","測定結果は原文の通り","ふじみ野市埋蔵文化財調査報告第2集　埼玉県ふじみ野市　市内遺跡群2","ふじみ野市教育委員会",35.8646611111111,139.51465,412,TRUE,5258,"Saitama","Kanto",TRUE
54,"静岡","富士石遺跡","駿東郡長泉町東野字八分平","第Ⅰ文化層:CB30　BBⅦ層","炭化物","T","h","旧石器時代",NA,"A","IAAA-90637","AMS法",31480,180,31836,182,"-26.93 ","0.64 ",NA,"加速器分析研究所","加速器分析研究所",2010,"富士石遺跡における放射性炭素年代(AMS測定)･出土炭化材の樹種","357-366",NA,"静岡県埋蔵文化財調査研究所調査報告第232集　富士石遺跡Ⅰ　第二東名No.142地点　旧石器時代(AT下位編)　第二東名建設事業に伴う埋蔵文化財発掘調査報告書　長泉町-7　(第2分冊)","財団法人静岡県埋蔵文化財調査研究所",35.1632694444444,138.8918,4619,TRUE,24825,"Shizuoka","Chubu",TRUE
1,"北海道","濁川左岸遺跡","茅部郡森町石倉町","NF-39　焼土内, NS-1","炭化物・材","T","f","続縄文時代",NA,"I","PLD-3385","AMS法",1550,25,1869,24,"-23.20","0.24 ","-23.2","パレオ・ラボAMS年代測定グループ（小林紘一・丹生越子・伊藤茂・山形秀樹・Zaur Lomtatidze・Ineza Jorjoliani）","パレオ・ラボAMS年代測定グループ",2007,"Ⅴ　自然科学的分析　濁川左岸遺跡の放射性炭素年代測定について","225-228","https://sitereports.nabunken.go.jp/24619","（財）北海道埋蔵文化財センター調査報告書第246集　森町　濁川左岸遺跡(3)－Ｃ～Ｅ地区－　－北海道縦貫自動車道（七飯～長万部）埋蔵文化財発掘調査報告書－","財団法人　北海道埋蔵文化財センター",42.1586,140.461088888889,143,TRUE,35216,"Hokkaido","Hokkaido",TRUE
61,"滋賀","柳遺跡","草津市青地町","水溜状遺構SX2-Ⅱ,19(W720)","木片（丸太材）","T","d","弥生時代後期後半代",NA,"C","IAAA-60470","AMS法",2550,40,2254,37,"-28.51","0.58 ",NA,"鹿又喜隆・酒井公美子・池田利晴（株式会社加速器分析研究所）","（株）加速器分析研究所",2008,"第７章　自然科学分析　第６節　柳遺跡出土材の放射性炭素年代測定（ＡＭＳ測定）","750-754",NA,"草津川改修事業ならびに草津川放水路建設事業に伴う発掘調査報告書Ⅺ　柳遺跡Ⅳ〔本文編〕","滋賀県教育委員会　財団法人滋賀県文化財保護協会",35.0032194444444,135.9733,3875,TRUE,38156,"Shiga","Kansai",TRUE
84,"高知","北ノ丸遺跡","土佐市新居北ノ丸","試料名:C14-5　Ⅸ層下部","植物遺体","T","d","古墳時代〜近世以降",NA,"D,E,F,G,H","IAAA-71670","AMS法",3640,40,3363,35,"-29.43 ","0.96",NA,"辻本裕也･辻康男･田中義文･松元美由紀","株式会社加速器分析研究所",2011,"自然科学分析","21〜41","https://sitereports.nabunken.go.jp/9464","高知県埋蔵文化財センター発掘調査報告書　第122集　北ノ丸遺跡Ⅱ　波介川導流事業に伴う埋蔵文化財発掘調査報告書Ⅳ","(財)高知県文化財団埋蔵文化財センター",33.4606388888889,133.46425,4695,TRUE,36585,"Kochi","Shikoku",TRUE
55,"愛知","石座神社遺跡","新城市大宮字狐塚","0033SK","炭化材","T","f","縄文時代後期前葉",NA,"B","PLD-13950","AMS法",3695,20,3965,22,"-26.52 ","0.14 ",NA,"パレオ･ラボAMS年代測定グループ","パレオ・ラボ",2015,"放射性炭素年代測定","92-118",NA,"愛知県埋蔵文化財センター調査報告書第189集　石座神社遺跡(第1分冊　本文編)","公益財団法人愛知県教育･スポーツ振興財団愛知県埋蔵文化財センター",34.9213388888889,137.5213,2599,TRUE,25927,"Aichi","Chubu",TRUE
56,"三重","東庄内A遺跡","鈴鹿市東庄内町","SF37　埋土3層","炭化物","T","h","縄文時代早期前半","大川式","B","IAAA-71946","AMS法",9520,50,9322,49,"-24.36 ","0.47 ",NA,"加速器分析研究所","加速器分析研究所",2009,"放射性炭素年代測定結果(AMS測定)","27-31",NA,"三重県埋蔵文化財調査報告301　東庄内A遺跡(第2次)発掘調査報告","三重県埋蔵文化財センター",34.9136,136.465188888889,526,TRUE,27147,"Mie","Kansai",TRUE
92,"佐賀","東名遺跡","佐賀市金立町大字千布字東名","第6貝塚　貝層　表採　6-S-1　","貝殻(ハイガイ①)","M","n","縄文時代早期",NA,"B","NUTA2-18379","AMS法",7380,30,7182,30,NA,NA,"-5.5","中村俊夫","名古屋大学年代測定総合研究センター",2014,"第3〜第6貝塚より採取した試料の14C年代","104〜107",NA,"佐賀市埋蔵文化財調査報告書　第85集　東名遺跡群Ⅲ　-東名遺跡第3〜6貝塚(保存地区)の調査-","佐賀市教育委員会",33.3030805555556,130.303961111111,790,FALSE,29396,"Saga","Kyushu",TRUE
24,"秋田","平右衛門田尻遺跡","秋田市飯島字平右衛門田尻","SE64　11層下位","炭化材(スギ)","T","f","中世",NA,"F","PLD-13175","AMS法",770,15,903,16,"-25.17 ","0.16 ",NA,"パリノ･サーヴェイ","パリノ･サーヴェイ",2010,"放射性炭素年代測定","100-103",NA,"秋田県文化財調査報告書第455集　平右衛門田尻遺跡","秋田県教育委員会",39.7896194444444,140.066130555556,3739,TRUE,15576,"Akita","Tohoku",TRUE
1,"北海道","濁川左岸遺跡","茅部郡森町石倉町","NF-40　焼土内, NS-2","炭化物・材","T","f","続縄文時代",NA,"I","PLD-3386","AMS法",1990,25,1869,24,"-02.00","0.24 ","-25.4","パレオ・ラボAMS年代測定グループ（小林紘一・丹生越子・伊藤茂・山形秀樹・Zaur Lomtatidze・Ineza Jorjoliani）","パレオ・ラボAMS年代測定グループ",2007,"Ⅴ　自然科学的分析　濁川左岸遺跡の放射性炭素年代測定について","225-228","https://sitereports.nabunken.go.jp/24619","（財）北海道埋蔵文化財センター調査報告書第246集　森町　濁川左岸遺跡(3)－Ｃ～Ｅ地区－　－北海道縦貫自動車道（七飯～長万部）埋蔵文化財発掘調査報告書－","財団法人　北海道埋蔵文化財センター",42.1586,140.461088888889,143,TRUE,35217,"Hokkaido","Hokkaido",TRUE
34,"埼玉","伊奈氏屋敷跡","北足立郡伊奈町小室","I-1区(川側)　泥炭質堆積層断面　No.17","泥炭","T","j","不明",NA,"A,B,C,D,E,F,G,H","不明","β線法",3790,95,3680,90,NA,NA,NA,"パリノ・サーヴェイ","日本アイソトープ協会",1984,"伊奈氏屋敷遺跡14C年代測定","235",NA,"埼玉県埋蔵文化財調査事業団報告書第31集　赤羽･伊奈氏屋敷跡","財団法人　埼玉県埋蔵文化財調査事業団",35.9896888888889,139.6273,1401,FALSE,5288,"Saitama","Kanto",TRUE
34,"埼玉","伊奈氏屋敷跡","北足立郡伊奈町小室","I-1区(川側)　泥炭質堆積層断面　No.19","泥炭","T","j","不明",NA,"A,B,C,D,E,F,G,H","不明","β線法",3760,90,3650,90,NA,NA,NA,"パリノ・サーヴェイ","日本アイソトープ協会",1984,"伊奈氏屋敷遺跡14C年代測定","235",NA,"埼玉県埋蔵文化財調査事業団報告書第31集　赤羽･伊奈氏屋敷跡","財団法人　埼玉県埋蔵文化財調査事業団",35.9896888888889,139.6273,1401,FALSE,5290,"Saitama","Kanto",TRUE
23,"宮城","影倉D遺跡","亘理郡山元町坂元字影倉","SK3土坑　炭層","木炭","T","f","平安時代","9世紀頃","E","IAAA-140903","AMS法",1170,20,1065,22,"-27.97 ","0.45 ",NA,"加速器分析研究所","加速器分析研究所",2015,"常磐自動車道関連遺跡(内手遺跡ほか)における放射性炭素年代(AMS測定)","285-292",NA,"宮城県文化財調査報告書第239集　涌沢遺跡ほか　常磐自動車道関連遺跡調査報告Ⅱ","宮城県教育委員会",37.9260111111111,140.867219444444,1687,TRUE,13425,"Miyagi","Tohoku",TRUE
95,"大分","東光寺経塚","杵築市大字横城字立ヶ鼻3","東光寺7号経塚　試料名:№2","炭化材","T","f","古代〜中世",NA,"E,F","IAAA-82635","AMS法",860,30,963,30,"-26.86","0.57",NA,"パリノ･サーヴェイ","加速器分析研究所",2009,"東光寺経塚の自然科学分析調査","97〜102",NA,"東光寺経塚発掘調査報告書Ⅰ　杵築市埋蔵文化財調査報告書　第12集","杵築市教育委員会",33.4432694444444,131.690611111111,2967,TRUE,29849,"Oita","Kyushu",TRUE
26,"福島","割田C遺跡","南相馬市鹿島区川子字南割田","1号土坑　l3","炭化材","T","f","古代",NA,"E","PLD-2727","AMS法",1360,35,1258,37,NA,NA,"-25.6","山形秀樹(パレオ･ラボ)","パレオ･ラボ",2007,"割田C遺跡出土炭化物の放射性炭素年代","101-103",NA,"福島県文化財調査報告書第439集　原町火力発電所関連遺跡調査報告Ⅹ[第4分冊　自然科学分析･考察編]","福島県教育委員会　財団法人福島県文化振興事業団　東北電力株式会社",37.6749694444444,140.978611111111,3536,TRUE,16952,"Fukushima","Tohoku",TRUE
51,"山梨","甲府城下町遺跡(甲府地方裁判所地点)","甲府市中央一丁目","Ⅰ区　7層","炭化材","T","f","不明",NA,"A,B,C,D,E,F,G,H","PLD-8638","AMS法",955,20,853,18,"-26.69 ","0.16 ",NA,"パリノ･サーヴェイ","パリノ･サーヴェイ",2007,"自然科学分析","59-61",NA,"山梨県埋蔵文化財センター調査報告書第249集　甲府城下町遺跡(甲府地方裁判所地点)","山梨県教育委員会　国土交通省",35.6598,138.569080555556,2106,TRUE,22035,"Yamanashi","Chubu",TRUE
51,"山梨","身洗沢遺跡","笛吹市八代町南","CW-51 AE-13G　横槌","生材(ヒノキ)","T","d","平安時代",NA,"E","IAAA-152364","AMS法",1430,20,1328,22,"-24.08 ","0.24 ",NA,"パリノ･サーヴェイ","パリノ･サーヴェイ",2017,"放射性炭素年代測定","195-207",NA,"山梨県埋蔵文化財センター調査報告書第310集　身洗沢遺跡","山梨県教育委員会　山梨県県土整備部　中日本高速道路株式会社　笛吹市",35.6179708333333,138.638229166667,2124,TRUE,22131,"Yamanashi","Chubu",TRUE
55,"愛知","石座神社遺跡","新城市大宮字狐塚","3590SL","炭化材(クリ)","T","f","縄文時代早期",NA,"B","PLD-21476","AMS法",9545,30,9647,31,"-27.16 ","0.13 ",NA,"パレオ･ラボAMS年代測定グループ","パレオ・ラボ",2015,"放射性炭素年代測定","92-118",NA,"愛知県埋蔵文化財センター調査報告書第189集　石座神社遺跡(第1分冊　本文編)","公益財団法人愛知県教育･スポーツ振興財団愛知県埋蔵文化財センター",34.9213388888889,137.5213,2599,TRUE,25964,"Aichi","Chubu",TRUE
34,"埼玉","伊奈氏屋敷跡","北足立郡伊奈町小室","I-1区(川側)　泥炭質堆積層断面　No.16","泥炭","T","j","不明",NA,"A,B,C,D,E,F,G,H","不明","β線法",3530,90,3430,85,NA,NA,NA,"パリノ・サーヴェイ","日本アイソトープ協会",1984,"伊奈氏屋敷遺跡14C年代測定","235",NA,"埼玉県埋蔵文化財調査事業団報告書第31集　赤羽･伊奈氏屋敷跡","財団法人　埼玉県埋蔵文化財調査事業団",35.9896888888889,139.6273,1401,FALSE,5287,"Saitama","Kanto",TRUE
34,"埼玉","伊奈氏屋敷跡","北足立郡伊奈町小室","I-1区(川側)　泥炭質堆積層断面　No.18","泥炭","T","j","不明",NA,"A,B,C,D,E,F,G,H","不明","β線法",3740,95,3640,95,NA,NA,NA,"パリノ・サーヴェイ","日本アイソトープ協会",1984,"伊奈氏屋敷遺跡14C年代測定","235",NA,"埼玉県埋蔵文化財調査事業団報告書第31集　赤羽･伊奈氏屋敷跡","財団法人　埼玉県埋蔵文化財調査事業団",35.9896888888889,139.6273,1401,FALSE,5289,"Saitama","Kanto",TRUE
55,"愛知","石座神社遺跡","新城市大宮字狐塚","3742SI上層","炭化材(クリ)","T","f","古墳時代前半",NA,"D","PLD-21447","AMS法",1965,20,1865,19,"-25.87 ","0.15 ",NA,"パレオ･ラボAMS年代測定グループ","パレオ・ラボ",2015,"放射性炭素年代測定","92-118",NA,"愛知県埋蔵文化財センター調査報告書第189集　石座神社遺跡(第1分冊　本文編)","公益財団法人愛知県教育･スポーツ振興財団愛知県埋蔵文化財センター",34.9213388888889,137.5213,2599,TRUE,25935,"Aichi","Chubu",TRUE
92,"佐賀","東名遺跡","佐賀市金立町大字千布字東名","№211　試料番号:POT-25 貝塚名:1 1Cトレンチ　サンプル名:0139(調査時)内面(部位) 報告書40/85集:Fig.59-34","土器付着炭化物","O","q","縄文時代早期","塞ノ神B","B","NUTA2-22890","AMS法",7040,30,7140,28,"-24.70 ","1",NA,"中村俊夫","名古屋大学年代測定総合研究センター",2016,"東名遺跡出土遺物の14C年代","56〜67",NA,"佐賀市埋蔵文化財調査報告書　第100集　東名遺跡群Ⅳ　-東名遺跡群総括報告書【第1分冊】-","佐賀市教育委員会",33.3030805555556,130.303961111111,786,TRUE,29611,"Saga","Kyushu",TRUE
41,"新潟","太田遺跡","加茂市大字下条字太田","SK63","炭化種実(イネ胚乳)","T","g",NA,"9世紀後半","E","IAAA-82021","AMS法",1350,30,1251,27,"-30.33 ","0.75 ",NA,"パリノ･サーヴェイ","パリノ･サーヴェイ",2011,"平成20年度太田遺跡の自然科学分析","71-73",NA,"加茂市文化財調査報告(21)　荒又遺跡･太田遺跡","加茂市教育委員会",37.6372388888889,139.055738888889,991,TRUE,18984,"Niigata","Chubu",TRUE
54,"静岡","尾壱遺跡","沼津市足高字尾上","SX4-1　土器胴部外面付着","土器付着炭化物","O","q","縄文時代前期初頭",NA,"B","IAAA-82051","AMS法",6340,40,6242,39,"-27.51 ","0.66 ",NA,"沼津市文化財センター","パリノ･サーヴェイ",2010,"放射性炭素年代測定","299",NA,"沼津市文化財調査報告書第98集　尾壱遺跡(第2次)･清水柳北遺跡(第2次)発掘調査報告書","沼津市教育委員会",35.1470388888889,138.85445,3204,TRUE,24763,"Shizuoka","Chubu",TRUE
24,"秋田","峰吉川中村遺跡","大仙市協和峰吉川中村字中村","SKC38","炭化物","T","h","不明",NA,"A,B,C,D,E,F,G,H","IAAA-142179","AMS法",670,20,765,23,"-19.93 ","0.30 ",NA,"秋田県埋蔵文化財センター","加速器分析研究所",2016,"放射性炭素年代測定","221-228",NA,"秋田県文化財調査報告書第505集　峰吉川中村遺跡","秋田県教育委員会",39.5642694444444,140.329361111111,3764,TRUE,15606,"Akita","Tohoku",TRUE
54,"静岡","古木戸B遺跡","富士市増川字古木戸","休場層(YL)","炭化物","T","h","縄文時代",NA,"B","IAAA-70466","AMS法",5150,40,5245,41,"-25.25 ","0.38 ",NA,"加速器分析研究所","加速器分析研究所",2010,"天ヶ沢東遺跡、古木戸A･B遺跡における放射性炭素年代測定(AMS測定)","188-190",NA,"静岡県埋蔵文化財調査研究所調査報告第228集　天ヶ沢東遺蹟　古木戸A遺跡　古木戸B遺跡　第二東名No.44地点　富士市-2　第二東名建設事業に伴う埋蔵文化財発掘調査報告書","財団法人静岡県埋蔵文化財調査研究所",35.1699388888889,138.753688888889,4617,TRUE,24670,"Shizuoka","Chubu",TRUE
65,"奈良","稲葉車瀬遺跡","生駒郡斑鳩町稲葉車瀬","C2地区　落ち込みSX221　埋土最下層　出土材　試料番号15","木材（ムクノキ）","T","d","中世","11～12世紀","F","IAAA-82917","AMS法",3900,40,3994,34,NA,"0.76",NA,"パリノ・サーヴェイ株式会社　辻康男・高橋敦・辻本裕也","（株）加速器分析研究所",2016,"第4章　分析　第2節　稲葉車瀬遺跡における遺構検出面基盤層の放射性炭素年代測定","158-162",NA,"稲葉車瀬遺跡―斑鳩パークウェイ建設に伴う発掘調査報告書（2）―　奈良県文化財調査報告書　第170集","奈良県立橿原考古学研究所",34.6021611111111,135.721369444444,3776,FALSE,37018,"Nara","Kansai",TRUE
97,"鹿児島","栫城跡","いちき串木野市上名字門前字栫鼻字大堂庵","低地部
木材2","木材(クスノキ科)","T","d","中世","14世紀","F","不明","AMS法",720,40,628,38,"-30.85 ","0.59 ",NA,"パリノ・サーヴェイ","加速器分析研究所",2010,"栫城跡の自然科学分析","368-374",NA,"鹿児島県立埋蔵文化財センター発掘調査報告書(155)　栫城跡　第2分冊","鹿児島県立埋蔵文化財センター",31.7249694444444,130.287080555556,4807,FALSE,27873,"Kagoshima","Kyushu",TRUE
51,"山梨","甲府城下町遺跡","甲府市丸の内一丁目","文化層　花粉試料18採取層","生材","T","d","古墳時代中期以前",NA,"A,B,C,D","PLD-10471","AMS法",3210,25,3119,23,"-27.90 ","0.14 ",NA,"パレオ･ラボAMS年代測定グループ","パレオ・ラボ",2010,"放射性炭素年代測定","49-51",NA,"甲府市文化財調査報告52　甲府城下町遺跡Ⅴ","甲府市　甲府市教育委員会",35.662375,138.569695833334,3378,TRUE,22039,"Yamanashi","Chubu",TRUE
34,"埼玉","伊奈氏屋敷跡","北足立郡伊奈町小室","I-1区(川側)　泥炭質堆積層断面　No.12","泥炭","T","j","不明",NA,"A,B,C,D,E,F,G,H","不明","β線法",2840,60,2750,60,NA,NA,NA,"パリノ・サーヴェイ","日本アイソトープ協会",1984,"伊奈氏屋敷遺跡14C年代測定","235",NA,"埼玉県埋蔵文化財調査事業団報告書第31集　赤羽･伊奈氏屋敷跡","財団法人　埼玉県埋蔵文化財調査事業団",35.9896888888889,139.6273,1401,FALSE,5284,"Saitama","Kanto",TRUE
34,"埼玉","伊奈氏屋敷跡","北足立郡伊奈町小室","I-1区(川側)　泥炭質堆積層断面　No.14","泥炭","T","j","不明",NA,"A,B,C,D,E,F,G,H","不明","β線法",3270,70,3180,65,NA,NA,NA,"パリノ・サーヴェイ","日本アイソトープ協会",1984,"伊奈氏屋敷遺跡14C年代測定","235",NA,"埼玉県埋蔵文化財調査事業団報告書第31集　赤羽･伊奈氏屋敷跡","財団法人　埼玉県埋蔵文化財調査事業団",35.9896888888889,139.6273,1401,FALSE,5285,"Saitama","Kanto",TRUE
34,"埼玉","伊奈氏屋敷跡","北足立郡伊奈町小室","I-1区(川側)　泥炭質堆積層断面　No.15","泥炭","T","j","不明",NA,"A,B,C,D,E,F,G,H","不明","β線法",3360,80,3270,80,NA,NA,NA,"パリノ・サーヴェイ","日本アイソトープ協会",1984,"伊奈氏屋敷遺跡14C年代測定","235",NA,"埼玉県埋蔵文化財調査事業団報告書第31集　赤羽･伊奈氏屋敷跡","財団法人　埼玉県埋蔵文化財調査事業団",35.9896888888889,139.6273,1401,FALSE,5286,"Saitama","Kanto",TRUE
55,"愛知","石座神社遺跡","新城市大宮字狐塚","3742SI上層","炭化材(スダジイ)","T","f","古墳時代前半",NA,"D","PLD-21452","AMS法",1860,20,1950,20,"-25.58 ","0.17 ",NA,"パレオ･ラボAMS年代測定グループ","パレオ・ラボ",2015,"放射性炭素年代測定","92-118",NA,"愛知県埋蔵文化財センター調査報告書第189集　石座神社遺跡(第1分冊　本文編)","公益財団法人愛知県教育･スポーツ振興財団愛知県埋蔵文化財センター",34.9213388888889,137.5213,2599,TRUE,25940,"Aichi","Chubu",TRUE
43,"石川","五歩市遺跡","白山市五歩市町","A2地区　SK18　9層","炭化材(ケヤキ)","T","f","弥生時代終末期",NA,"C","PED-12209","AMS法",1900,20,1989,22,"-25.87 ","0.16 ",NA,"古環境研究所","パレオ･ラボ",2014,"五歩市遺跡における放射性炭素年代測定","330-332",NA,"白山市五歩市遺跡","石川県教育委員会　公益財団法人石川県埋蔵文化財センター",36.53175,136.576569444444,3395,TRUE,21191,"Ishikawa","Chubu",TRUE
84,"高知","徳王子前島遺跡","香南市香我美町徳王子字前島","試料名:14C-5　","木材(ヒノキ)","T","d","弥生時代〜中世",NA,"C,D,E,F","IAAA-82747","AMS法",6210,40,6122,38,"-27.28 ","0.64",NA,"辻本裕也･矢作健二･辻康男･馬場健司･松元美由紀","株式会社加速器分析研究所",2011,"自然科学分析","83〜130","https://sitereports.nabunken.go.jp/25609","高知県埋蔵文化財センター発掘調査報告書　第119集　徳王子前島遺跡　南国安芸道路建設工事に伴う発掘調査報告書Ⅲ(高知東部自動車道埋蔵文化財発掘調査報告書Ⅵ)　","(財)高知県文化財団埋蔵文化財センター",33.5541694444444,133.742980555556,4694,TRUE,36578,"Kochi","Shikoku",TRUE
54,"静岡","富士岡1古墳群","富士市富士岡","包含層　栗色土層(KU)　土器内面付着","土器付着炭化物","O","q","縄文時代前期",NA,"B","IAAA-120977","AMS法",4890,30,4977,27,"-24.64 ","0.29 ",NA,"加速器分析研究所","加速器分析研究所",2013,"富士岡1古墳群、向山遺跡における放射性炭素年代(AMS測定)","272-275",NA,"静岡県埋蔵文化財センター調査報告第37集　富士岡1古墳他","静岡県埋蔵文化財センター",35.1782111111111,138.737011111111,4579,TRUE,24781,"Shizuoka","Chubu",TRUE
42,"富山","百塚遺跡","富山市松木","調査区南壁　基本土層Ⅵ層","黒色土(泥質)","T","k","古墳時代以前",NA,"A,B,C,D","IAAA-70872","AMS法",6010,40,6095,41,"-19.80 ","0.85 ",NA,"パリノ･サーヴェイ","パリノ･サーヴェイ",2009,"百塚遺跡の放射性炭素年代測定-A地区の試料から-","217-220",NA,"富山市埋蔵文化財調査報告32　百塚住吉遺跡･百塚住吉B遺跡･百塚遺跡発掘調査報告書","富山市教育委員会埋蔵文化財センター",36.72215,137.203915277777,1871,TRUE,20668,"Toyama","Chubu",TRUE
1,"北海道","館野遺跡","北斗市館野","南盛土W-39-Bベルト　SM4層上面, KT-16","炭化物・材","T","f","縄文時代後期中葉以降",NA,"B","PLD-3377","AMS法",3765,25,3681,27,"-25.86","0.12 ",NA,"パレオ・ラボAMS年代測定グループ（小林紘一・丹生越子・伊藤茂・山形秀樹・Zaur Lomtatidze・Ineza Jorjoliani）","パレオ・ラボAMS年代測定グループ",2012,"Ⅸ章　自然科学的手法による分析結果　１　放射性炭素年代測定","1-5","https://sitereports.nabunken.go.jp/25665","（財）北海道埋蔵文化財センター調査報告書第282集　北斗市　館野遺跡（２）　－高規格幹線道路函館江差自動車道建設工事用地内埋蔵文化財発掘調査報告書－　第５分冊","財団法人　北海道埋蔵文化財センター",41.7956888888889,140.601319444444,166,TRUE,35497,"Hokkaido","Hokkaido",TRUE
34,"埼玉","伊奈氏屋敷跡","北足立郡伊奈町小室","I-1区(川側)　泥炭質堆積層断面　No.10","泥炭","T","j","不明",NA,"A,B,C,D,E,F,G,H","不明","β線法",2570,60,2490,60,NA,NA,NA,"パリノ・サーヴェイ","日本アイソトープ協会",1984,"伊奈氏屋敷遺跡14C年代測定","235",NA,"埼玉県埋蔵文化財調査事業団報告書第31集　赤羽･伊奈氏屋敷跡","財団法人　埼玉県埋蔵文化財調査事業団",35.9896888888889,139.6273,1401,FALSE,5283,"Saitama","Kanto",TRUE
34,"埼玉","伊奈氏屋敷跡","北足立郡伊奈町小室","I-1区(川側)　泥炭質堆積層断面　No.7","泥炭","T","j","不明",NA,"A,B,C,D,E,F,G,H","不明","β線法",2460,65,2390,60,NA,NA,NA,"パリノ・サーヴェイ","日本アイソトープ協会",1984,"伊奈氏屋敷遺跡14C年代測定","235",NA,"埼玉県埋蔵文化財調査事業団報告書第31集　赤羽･伊奈氏屋敷跡","財団法人　埼玉県埋蔵文化財調査事業団",35.9896888888889,139.6273,1401,FALSE,5281,"Saitama","Kanto",TRUE
34,"埼玉","伊奈氏屋敷跡","北足立郡伊奈町小室","I-1区(川側)　泥炭質堆積層断面　No.9","泥炭","T","j","不明",NA,"A,B,C,D,E,F,G,H","不明","β線法",2630,70,2560,70,NA,NA,NA,"パリノ・サーヴェイ","日本アイソトープ協会",1984,"伊奈氏屋敷遺跡14C年代測定","235",NA,"埼玉県埋蔵文化財調査事業団報告書第31集　赤羽･伊奈氏屋敷跡","財団法人　埼玉県埋蔵文化財調査事業団",35.9896888888889,139.6273,1401,FALSE,5282,"Saitama","Kanto",TRUE
34,"埼玉","砂田遺跡","児玉郡美里町大字下児玉字砂田","埋没谷　第2トレンチ第10層中央部　倒木","木材","T","d","不明",NA,"A,B,C,D,E,F,G,H","N-4798","β線法",2420,80,2350,75,NA,NA,NA,"社団法人日本アイソトープ協会","社団法人日本アイソトープ協会",2012,"自然科学分析　放射性炭素年代測定","188",NA,"美里町遺跡発掘調査報告書第21集　宮ヶ谷戸遺跡・砂田遺跡","埼玉県児玉郡美里町教育委員会",36.2058,139.170469444444,3816,TRUE,5443,"Saitama","Kanto",TRUE
52,"長野","三角原遺跡","南安曇郡三郷村大字温","SB34","炭化材(ヒノキ科)","T","f","平安時代",NA,"E","IAAA-31897","AMS法",1210,40,1280,40,"-29.37 ","0.68 ",NA,"パリノ･サーヴェイ","加速器分析研究所",2005,"三角原遺跡の自然科学分析","付属DVD",NA,"長野県埋蔵文化財センター発掘調査報告書76　安曇野農業水利事業あずみ野排水路埋蔵文化財発掘調査報告書　三郷村内　三角原遺跡","農林水産省関東農政局安曇野農業水利事業所　(財)長野県文化振興事業団長野県埋蔵文化財センター",36.2630194444444,137.879330555556,4224,TRUE,23015,"Nagano","Chubu",TRUE
1,"北海道","館野遺跡","北斗市館野","P-120　坑底, KT-22","炭化物・材","T","f","縄文時代後期前葉",NA,"B","PLD-3383","AMS法",3615,25,3681,27,"-24.62","0.11 ",NA,"パレオ・ラボAMS年代測定グループ（小林紘一・丹生越子・伊藤茂・山形秀樹・Zaur Lomtatidze・Ineza Jorjoliani）","パレオ・ラボAMS年代測定グループ",2012,"Ⅸ章　自然科学的手法による分析結果　１　放射性炭素年代測定","1-5","https://sitereports.nabunken.go.jp/25665","（財）北海道埋蔵文化財センター調査報告書第282集　北斗市　館野遺跡（２）　－高規格幹線道路函館江差自動車道建設工事用地内埋蔵文化財発掘調査報告書－　第５分冊","財団法人　北海道埋蔵文化財センター",41.7956888888889,140.601319444444,166,TRUE,35503,"Hokkaido","Hokkaido",TRUE
1,"北海道","館野遺跡","北斗市館野","南盛土W-38-Bベルト　SM3層盛土最下部, KT-15","炭化物・材","T","f","縄文時代後期中葉以降",NA,"B","PLD-3376","AMS法",3745,25,3681,27,"-24.88","0.12 ",NA,"パレオ・ラボAMS年代測定グループ（小林紘一・丹生越子・伊藤茂・山形秀樹・Zaur Lomtatidze・Ineza Jorjoliani）","パレオ・ラボAMS年代測定グループ",2012,"Ⅸ章　自然科学的手法による分析結果　１　放射性炭素年代測定","1-5","https://sitereports.nabunken.go.jp/25665","（財）北海道埋蔵文化財センター調査報告書第282集　北斗市　館野遺跡（２）　－高規格幹線道路函館江差自動車道建設工事用地内埋蔵文化財発掘調査報告書－　第５分冊","財団法人　北海道埋蔵文化財センター",41.7956888888889,140.601319444444,166,TRUE,35496,"Hokkaido","Hokkaido",TRUE
84,"高知","花宴遺跡","香南市香我美町徳王子字花宴","Ⅳ区　1地点:C14-2","木材","T","d","弥生時代",NA,"C","IAAA-61143","AMS法",5570,40,5506,38,"-31.55 ","0.82",NA,"辻本裕也･辻康男･斉藤崇人･松元美由紀･馬場健司･高橋敦･斉藤紀行","株式会社加速器分析研究所",2010,"自然科学分析調査報告","117〜163","https://sitereports.nabunken.go.jp/10667","高知県埋蔵文化財センター発掘調査報告書　第115集　花宴遺跡　南国安芸道路建設工事に伴う発掘調査報告書Ⅱ(高知東部自動車道埋蔵文化財発掘調査報告書Ⅲ)　","(財)高知県文化財団埋蔵文化財センター",33.5541694444444,133.742980555556,4692,TRUE,36566,"Kochi","Shikoku",TRUE
34,"埼玉","伊奈氏屋敷跡","北足立郡伊奈町小室","I-1区(川側)　泥炭質堆積層断面　No.5","泥炭","T","j","不明",NA,"A,B,C,D,E,F,G,H","不明","β線法",1920,65,1860,60,NA,NA,NA,"パリノ・サーヴェイ","日本アイソトープ協会",1984,"伊奈氏屋敷遺跡14C年代測定","235",NA,"埼玉県埋蔵文化財調査事業団報告書第31集　赤羽･伊奈氏屋敷跡","財団法人　埼玉県埋蔵文化財調査事業団",35.9896888888889,139.6273,1401,FALSE,5280,"Saitama","Kanto",TRUE
1,"北海道","館野遺跡","北斗市館野","P-163　No.1層（土層5下部）, KT-18","炭化物・材","T","f","縄文時代後期前葉",NA,"B","PLD-3379","AMS法",3740,25,3681,27,"-25.26","0.11 ",NA,"パレオ・ラボAMS年代測定グループ（小林紘一・丹生越子・伊藤茂・山形秀樹・Zaur Lomtatidze・Ineza Jorjoliani）","パレオ・ラボAMS年代測定グループ",2012,"Ⅸ章　自然科学的手法による分析結果　１　放射性炭素年代測定","1-5","https://sitereports.nabunken.go.jp/25665","（財）北海道埋蔵文化財センター調査報告書第282集　北斗市　館野遺跡（２）　－高規格幹線道路函館江差自動車道建設工事用地内埋蔵文化財発掘調査報告書－　第５分冊","財団法人　北海道埋蔵文化財センター",41.7956888888889,140.601319444444,166,TRUE,35499,"Hokkaido","Hokkaido",TRUE
33,"群馬","千駄木遺跡","安中市松井田町西野牧","第1号土坑","貝(タマキガイ)","M","n","縄文時代もしくは10世紀以降",NA,"B,E","IAAA-112223","AMS法",42600,320,42658,321,"4.28 ","0.65 ",NA,"加速器分析研究所","加速器分析研究所",2012,"出土貝輪の年代測定分析","106-107",NA,"財団法人群馬県埋蔵文化財調査事業団調査報告書第538集　千駄木遺跡","財団法人群馬県埋蔵文化財調査事業団",36.2907194444444,138.676180555556,4032,TRUE,5060,"Gunma","Kanto",TRUE
